Date,Year Week,OEE
2018-01-01T00:00:00.0000000,2018 W01,96.13
2018-01-02T00:00:00.0000000,2018 W01,94.26
2018-01-03T00:00:00.0000000,2018 W01,98.29
2018-01-04T00:00:00.0000000,2018 W01,100.01
2018-01-05T00:00:00.0000000,2018 W01,94.15
2018-01-06T00:00:00.0000000,2018 W01,103.4
2018-01-07T00:00:00.0000000,2018 W02,105.82
2018-01-08T00:00:00.0000000,2018 W02,104.98
2018-01-09T00:00:00.0000000,2018 W02,99.26
2018-01-10T00:00:00.0000000,2018 W02,69.09
2018-01-11T00:00:00.0000000,2018 W02,102.94
2018-01-12T00:00:00.0000000,2018 W02,75.48
2018-01-13T00:00:00.0000000,2018 W02,38.17
2018-01-14T00:00:00.0000000,2018 W03,98.5
2018-01-15T00:00:00.0000000,2018 W03,101.44
2018-01-16T00:00:00.0000000,2018 W03,104.68
2018-01-17T00:00:00.0000000,2018 W03,92.25
2018-01-18T00:00:00.0000000,2018 W03,84.06
2018-01-19T00:00:00.0000000,2018 W03,90.4
2018-01-20T00:00:00.0000000,2018 W03,92.57
2018-01-21T00:00:00.0000000,2018 W04,92.2
2018-01-22T00:00:00.0000000,2018 W04,100.93
2018-01-23T00:00:00.0000000,2018 W04,91.79
2018-01-24T00:00:00.0000000,2018 W04,12.71
2018-01-25T00:00:00.0000000,2018 W04,79.52
2018-01-26T00:00:00.0000000,2018 W04,75.16
2018-01-27T00:00:00.0000000,2018 W04,101.61
2018-01-28T00:00:00.0000000,2018 W05,103.76
2018-01-29T00:00:00.0000000,2018 W05,102.74
2018-01-30T00:00:00.0000000,2018 W05,107.18
2018-01-31T00:00:00.0000000,2018 W05,103.34
2018-02-01T00:00:00.0000000,2018 W05,109.59
2018-02-02T00:00:00.0000000,2018 W05,102.31
2018-02-03T00:00:00.0000000,2018 W05,99.01
2018-02-04T00:00:00.0000000,2018 W06,97.62
2018-02-05T00:00:00.0000000,2018 W06,47.91
2018-02-06T00:00:00.0000000,2018 W06,105.73
2018-02-07T00:00:00.0000000,2018 W06,103.1
2018-02-08T00:00:00.0000000,2018 W06,101.39
2018-02-09T00:00:00.0000000,2018 W06,102.03
2018-02-10T00:00:00.0000000,2018 W06,103.76
2018-02-11T00:00:00.0000000,2018 W07,90.9
2018-02-12T00:00:00.0000000,2018 W07,85.93
2018-02-13T00:00:00.0000000,2018 W07,76.26
2018-02-14T00:00:00.0000000,2018 W07,49.42
2018-02-15T00:00:00.0000000,2018 W07,105.59
2018-02-16T00:00:00.0000000,2018 W07,100.48
2018-02-17T00:00:00.0000000,2018 W07,102.25
2018-02-18T00:00:00.0000000,2018 W08,101.39
2018-02-19T00:00:00.0000000,2018 W08,95.01
2018-02-20T00:00:00.0000000,2018 W08,96.86
2018-02-21T00:00:00.0000000,2018 W08,103.37
2018-02-22T00:00:00.0000000,2018 W08,88.78
2018-02-23T00:00:00.0000000,2018 W08,101.62
2018-03-02T00:00:00.0000000,2018 W09,83.29
2018-03-03T00:00:00.0000000,2018 W09,86.59
2018-03-04T00:00:00.0000000,2018 W10,99.12
2018-03-05T00:00:00.0000000,2018 W10,88.48
2018-03-06T00:00:00.0000000,2018 W10,85.23
2018-03-07T00:00:00.0000000,2018 W10,83.37
2018-03-08T00:00:00.0000000,2018 W10,72.09
2018-03-09T00:00:00.0000000,2018 W10,94.42
2018-03-10T00:00:00.0000000,2018 W10,75.08
2018-03-11T00:00:00.0000000,2018 W11,46.76
2018-03-12T00:00:00.0000000,2018 W11,101.52
2018-03-13T00:00:00.0000000,2018 W11,101.48
2018-03-14T00:00:00.0000000,2018 W11,106.8
2018-03-15T00:00:00.0000000,2018 W11,106.37
2018-03-16T00:00:00.0000000,2018 W11,101.78
2018-03-17T00:00:00.0000000,2018 W11,99.75
2018-03-18T00:00:00.0000000,2018 W12,101.96
2018-03-19T00:00:00.0000000,2018 W12,104.2
2018-03-20T00:00:00.0000000,2018 W12,102.86
2018-03-21T00:00:00.0000000,2018 W12,103.55
2018-03-22T00:00:00.0000000,2018 W12,100.67
2018-03-23T00:00:00.0000000,2018 W12,100.34
2018-03-24T00:00:00.0000000,2018 W12,100.84
2018-03-25T00:00:00.0000000,2018 W13,93.56
2018-03-26T00:00:00.0000000,2018 W13,89.85
2018-03-27T00:00:00.0000000,2018 W13,97.2
2018-03-28T00:00:00.0000000,2018 W13,102.05
2018-03-29T00:00:00.0000000,2018 W13,95.84
2018-03-30T00:00:00.0000000,2018 W13,94.05
2018-03-31T00:00:00.0000000,2018 W13,98.84
2018-04-01T00:00:00.0000000,2018 W14,95.27
2018-04-02T00:00:00.0000000,2018 W14,91.52
2018-04-03T00:00:00.0000000,2018 W14,99.58
2018-04-12T00:00:00.0000000,2018 W15,83.9
2018-04-13T00:00:00.0000000,2018 W15,79.99
2018-04-14T00:00:00.0000000,2018 W15,77.92
2018-04-15T00:00:00.0000000,2018 W16,75.83
2018-04-16T00:00:00.0000000,2018 W16,99.58
2018-04-17T00:00:00.0000000,2018 W16,94.72
2018-04-18T00:00:00.0000000,2018 W16,104.97
2018-04-19T00:00:00.0000000,2018 W16,90.73
2018-04-20T00:00:00.0000000,2018 W16,104.78
2018-04-21T00:00:00.0000000,2018 W16,100.18
2018-04-22T00:00:00.0000000,2018 W17,100.67
2018-04-23T00:00:00.0000000,2018 W17,99.99
2018-04-24T00:00:00.0000000,2018 W17,101.01
2018-04-25T00:00:00.0000000,2018 W17,106.83
2018-04-26T00:00:00.0000000,2018 W17,108.04
2018-04-27T00:00:00.0000000,2018 W17,103.77
2018-04-28T00:00:00.0000000,2018 W17,104.67
2018-04-29T00:00:00.0000000,2018 W18,104.72
2018-04-30T00:00:00.0000000,2018 W18,99.76
2018-05-01T00:00:00.0000000,2018 W18,112.32
2018-05-02T00:00:00.0000000,2018 W18,111.81
2018-05-03T00:00:00.0000000,2018 W18,91.05
2018-05-04T00:00:00.0000000,2018 W18,106.73
2018-05-05T00:00:00.0000000,2018 W18,83.64
2018-05-06T00:00:00.0000000,2018 W19,100.42
2018-05-07T00:00:00.0000000,2018 W19,97.14
2018-05-08T00:00:00.0000000,2018 W19,102.08
2018-05-09T00:00:00.0000000,2018 W19,103.65
2018-05-10T00:00:00.0000000,2018 W19,107.38
2018-05-11T00:00:00.0000000,2018 W19,97.38
2018-05-12T00:00:00.0000000,2018 W19,106.15
2018-05-13T00:00:00.0000000,2018 W20,104.51
2018-05-14T00:00:00.0000000,2018 W20,99.1
2018-05-15T00:00:00.0000000,2018 W20,95.17
2018-05-16T00:00:00.0000000,2018 W20,98.67
2018-05-17T00:00:00.0000000,2018 W20,104.1
2018-05-18T00:00:00.0000000,2018 W20,109.74
2018-05-19T00:00:00.0000000,2018 W20,112.72
2018-05-20T00:00:00.0000000,2018 W21,101.75
2018-05-21T00:00:00.0000000,2018 W21,92.8
2018-05-22T00:00:00.0000000,2018 W21,97.88
2018-05-23T00:00:00.0000000,2018 W21,102.01
2018-05-24T00:00:00.0000000,2018 W21,108.95
2018-05-25T00:00:00.0000000,2018 W21,107.48
2018-05-26T00:00:00.0000000,2018 W21,109.72
2018-05-27T00:00:00.0000000,2018 W22,100.87
2018-05-28T00:00:00.0000000,2018 W22,85.59
2018-05-29T00:00:00.0000000,2018 W22,105.53
2018-05-30T00:00:00.0000000,2018 W22,97.57
2018-05-31T00:00:00.0000000,2018 W22,107.79
2018-06-01T00:00:00.0000000,2018 W22,100.32
2018-06-02T00:00:00.0000000,2018 W22,100
2018-06-03T00:00:00.0000000,2018 W23,105.69
2018-06-04T00:00:00.0000000,2018 W23,110.25
2018-06-05T00:00:00.0000000,2018 W23,71.56
2018-06-06T00:00:00.0000000,2018 W23,18.32
2018-06-07T00:00:00.0000000,2018 W23,104.05
2018-06-08T00:00:00.0000000,2018 W23,106.69
2018-06-09T00:00:00.0000000,2018 W23,108.3
2018-06-10T00:00:00.0000000,2018 W24,107
2018-06-11T00:00:00.0000000,2018 W24,69.88
2018-06-12T00:00:00.0000000,2018 W24,104.76
2018-06-13T00:00:00.0000000,2018 W24,107.69
2018-06-14T00:00:00.0000000,2018 W24,109.15
2018-06-15T00:00:00.0000000,2018 W24,93.18
2018-06-16T00:00:00.0000000,2018 W24,111.8
2018-06-17T00:00:00.0000000,2018 W25,109.47
2018-06-18T00:00:00.0000000,2018 W25,107.67
2018-06-19T00:00:00.0000000,2018 W25,101.93
2018-06-20T00:00:00.0000000,2018 W25,107.39
2018-06-21T00:00:00.0000000,2018 W25,105.06
2018-06-22T00:00:00.0000000,2018 W25,105.75
2018-06-23T00:00:00.0000000,2018 W25,109.16
2018-06-24T00:00:00.0000000,2018 W26,108.78
2018-06-25T00:00:00.0000000,2018 W26,107.59
2018-06-26T00:00:00.0000000,2018 W26,97.06
2018-06-27T00:00:00.0000000,2018 W26,107.92
2018-06-28T00:00:00.0000000,2018 W26,86.54
2018-06-29T00:00:00.0000000,2018 W26,113.53
2018-06-30T00:00:00.0000000,2018 W26,112.97
2018-07-01T00:00:00.0000000,2018 W27,104.43
2018-07-02T00:00:00.0000000,2018 W27,106.98
2018-07-03T00:00:00.0000000,2018 W27,103.51
2018-07-04T00:00:00.0000000,2018 W27,102.27
2018-07-05T00:00:00.0000000,2018 W27,106.55
2018-07-06T00:00:00.0000000,2018 W27,108.45
2018-07-07T00:00:00.0000000,2018 W27,97.85
2018-07-08T00:00:00.0000000,2018 W28,108.41
2018-07-09T00:00:00.0000000,2018 W28,100.23
2018-07-10T00:00:00.0000000,2018 W28,104.34
2018-07-11T00:00:00.0000000,2018 W28,104.35
2018-07-12T00:00:00.0000000,2018 W28,104.75
2018-07-13T00:00:00.0000000,2018 W28,100.14
2018-07-14T00:00:00.0000000,2018 W28,109.59
2018-07-15T00:00:00.0000000,2018 W29,107.01
2018-07-16T00:00:00.0000000,2018 W29,91.81
2018-07-17T00:00:00.0000000,2018 W29,100.48
2018-07-18T00:00:00.0000000,2018 W29,102.3
2018-07-19T00:00:00.0000000,2018 W29,93.07
2018-07-20T00:00:00.0000000,2018 W29,96.39
2018-07-21T00:00:00.0000000,2018 W29,103.32
2018-07-22T00:00:00.0000000,2018 W30,98.89
2018-07-23T00:00:00.0000000,2018 W30,101.91
2018-07-24T00:00:00.0000000,2018 W30,101.54
2018-07-25T00:00:00.0000000,2018 W30,96.36
2018-07-26T00:00:00.0000000,2018 W30,66.73
2018-07-27T00:00:00.0000000,2018 W30,98.49
2018-07-28T00:00:00.0000000,2018 W30,105.06
2018-07-29T00:00:00.0000000,2018 W31,103.32
2018-07-30T00:00:00.0000000,2018 W31,103.17
2018-07-31T00:00:00.0000000,2018 W31,102.39
2018-08-01T00:00:00.0000000,2018 W31,52.83
2018-08-02T00:00:00.0000000,2018 W31,115.1
2018-08-03T00:00:00.0000000,2018 W31,109.94
2018-08-04T00:00:00.0000000,2018 W31,109.87
2018-08-05T00:00:00.0000000,2018 W32,108.88
2018-08-06T00:00:00.0000000,2018 W32,105.26
2018-08-07T00:00:00.0000000,2018 W32,66.95
2018-08-08T00:00:00.0000000,2018 W32,16.95
2018-08-09T00:00:00.0000000,2018 W32,84.39
2018-08-10T00:00:00.0000000,2018 W32,97.25
2018-08-11T00:00:00.0000000,2018 W32,95.52
2018-08-12T00:00:00.0000000,2018 W33,105.45
2018-08-13T00:00:00.0000000,2018 W33,86.71
2018-08-14T00:00:00.0000000,2018 W33,101.18
2018-08-15T00:00:00.0000000,2018 W33,108.44
2018-08-16T00:00:00.0000000,2018 W33,60.35
2018-08-17T00:00:00.0000000,2018 W33,97.38
2018-08-18T00:00:00.0000000,2018 W33,97.21
2018-08-19T00:00:00.0000000,2018 W34,99.94
2018-08-20T00:00:00.0000000,2018 W34,99.57
2018-08-21T00:00:00.0000000,2018 W34,101.43
2018-08-22T00:00:00.0000000,2018 W34,97.3
2018-08-23T00:00:00.0000000,2018 W34,83.68
2018-08-24T00:00:00.0000000,2018 W34,102.52
2018-08-25T00:00:00.0000000,2018 W34,103.46
2018-08-26T00:00:00.0000000,2018 W35,100.03
2018-08-27T00:00:00.0000000,2018 W35,107.51
2018-08-28T00:00:00.0000000,2018 W35,97.46
2018-08-29T00:00:00.0000000,2018 W35,94.35
2018-08-30T00:00:00.0000000,2018 W35,102.42
2018-08-31T00:00:00.0000000,2018 W35,108.35
2018-09-01T00:00:00.0000000,2018 W35,106.45
2018-09-02T00:00:00.0000000,2018 W36,102.17
2018-09-03T00:00:00.0000000,2018 W36,98.17
2018-09-04T00:00:00.0000000,2018 W36,103.69
2018-09-05T00:00:00.0000000,2018 W36,100.94
2018-09-06T00:00:00.0000000,2018 W36,102.94
2018-09-07T00:00:00.0000000,2018 W36,94.82
2018-09-08T00:00:00.0000000,2018 W36,102.69
2018-09-09T00:00:00.0000000,2018 W37,103.91
2018-09-10T00:00:00.0000000,2018 W37,94.59
2018-09-11T00:00:00.0000000,2018 W37,97.52
2018-09-12T00:00:00.0000000,2018 W37,95.03
2018-09-13T00:00:00.0000000,2018 W37,92.86
2018-09-14T00:00:00.0000000,2018 W37,97.48
2018-09-15T00:00:00.0000000,2018 W37,103.25
2018-09-16T00:00:00.0000000,2018 W38,98.79
2018-09-17T00:00:00.0000000,2018 W38,103.99
2018-09-18T00:00:00.0000000,2018 W38,98.45
2018-09-19T00:00:00.0000000,2018 W38,95.11
2018-09-20T00:00:00.0000000,2018 W38,97.74
2018-09-21T00:00:00.0000000,2018 W38,95.44
2018-09-22T00:00:00.0000000,2018 W38,64.11
2018-09-23T00:00:00.0000000,2018 W39,99.32
2018-09-24T00:00:00.0000000,2018 W39,97.86
2018-09-25T00:00:00.0000000,2018 W39,90.39
2018-09-26T00:00:00.0000000,2018 W39,101.48
2018-09-27T00:00:00.0000000,2018 W39,103.74
2018-09-28T00:00:00.0000000,2018 W39,97.52
2018-09-29T00:00:00.0000000,2018 W39,87.48
2018-09-30T00:00:00.0000000,2018 W40,93.22
2018-10-01T00:00:00.0000000,2018 W40,100.86
2018-10-02T00:00:00.0000000,2018 W40,100.42
2018-10-03T00:00:00.0000000,2018 W40,94.66
2018-10-04T00:00:00.0000000,2018 W40,99.19
2018-10-05T00:00:00.0000000,2018 W40,107.75
2018-10-06T00:00:00.0000000,2018 W40,104.28
2018-10-07T00:00:00.0000000,2018 W41,111.11
2018-10-08T00:00:00.0000000,2018 W41,99.36
2018-10-09T00:00:00.0000000,2018 W41,93.3
2018-10-10T00:00:00.0000000,2018 W41,21.91
2018-10-11T00:00:00.0000000,2018 W41,89.04
2018-10-12T00:00:00.0000000,2018 W41,101.09
2018-10-13T00:00:00.0000000,2018 W41,109.05
2018-10-14T00:00:00.0000000,2018 W42,103.92
2018-10-15T00:00:00.0000000,2018 W42,85.46
2018-10-16T00:00:00.0000000,2018 W42,94.74
2018-10-17T00:00:00.0000000,2018 W42,112.69
2018-10-18T00:00:00.0000000,2018 W42,105.26
2018-10-19T00:00:00.0000000,2018 W42,102.48
2018-10-20T00:00:00.0000000,2018 W42,99.44
2018-10-21T00:00:00.0000000,2018 W43,107.82
2018-10-22T00:00:00.0000000,2018 W43,107.33
2018-10-23T00:00:00.0000000,2018 W43,107.92
2018-10-24T00:00:00.0000000,2018 W43,107.12
2018-10-25T00:00:00.0000000,2018 W43,104.79
2018-10-26T00:00:00.0000000,2018 W43,110.08
2018-10-27T00:00:00.0000000,2018 W43,104.51
2018-10-28T00:00:00.0000000,2018 W44,48.9
2018-10-29T00:00:00.0000000,2018 W44,48.91
2018-10-30T00:00:00.0000000,2018 W44,107.15
2018-10-31T00:00:00.0000000,2018 W44,107.97
2018-11-01T00:00:00.0000000,2018 W44,101.48
2018-11-02T00:00:00.0000000,2018 W44,98.45
2018-11-03T00:00:00.0000000,2018 W44,106.39
2018-11-04T00:00:00.0000000,2018 W45,102.29
2018-11-05T00:00:00.0000000,2018 W45,101.99
2018-11-06T00:00:00.0000000,2018 W45,99.58
2018-11-07T00:00:00.0000000,2018 W45,107.83
2018-11-08T00:00:00.0000000,2018 W45,104.75
2018-11-09T00:00:00.0000000,2018 W45,74.51
2018-11-10T00:00:00.0000000,2018 W45,110.6
2018-11-11T00:00:00.0000000,2018 W46,110.35
2018-11-12T00:00:00.0000000,2018 W46,101.75
2018-11-13T00:00:00.0000000,2018 W46,107.2
2018-11-14T00:00:00.0000000,2018 W46,106.8
2018-11-15T00:00:00.0000000,2018 W46,104.92
2018-11-16T00:00:00.0000000,2018 W46,104.42
2018-11-17T00:00:00.0000000,2018 W46,71.23
2018-11-18T00:00:00.0000000,2018 W47,88.06
2018-11-19T00:00:00.0000000,2018 W47,91.81
2018-11-20T00:00:00.0000000,2018 W47,91.07
2018-11-21T00:00:00.0000000,2018 W47,98.55
2018-11-22T00:00:00.0000000,2018 W47,101.15
2018-11-23T00:00:00.0000000,2018 W47,94.36
2018-11-24T00:00:00.0000000,2018 W47,94.19
2018-11-25T00:00:00.0000000,2018 W48,95.9
2018-11-26T00:00:00.0000000,2018 W48,98.05
2018-11-27T00:00:00.0000000,2018 W48,104.79
2018-11-28T00:00:00.0000000,2018 W48,106.06
2018-11-29T00:00:00.0000000,2018 W48,101.12
2018-11-30T00:00:00.0000000,2018 W48,85.95
2018-12-01T00:00:00.0000000,2018 W48,100.86
2018-12-02T00:00:00.0000000,2018 W49,104.44
2018-12-03T00:00:00.0000000,2018 W49,103.27
2018-12-04T00:00:00.0000000,2018 W49,94.31
2018-12-05T00:00:00.0000000,2018 W49,62.3
2018-12-06T00:00:00.0000000,2018 W49,87.25
2018-12-07T00:00:00.0000000,2018 W49,100.12
2018-12-08T00:00:00.0000000,2018 W49,98.57
2018-12-09T00:00:00.0000000,2018 W50,102.49
2018-12-10T00:00:00.0000000,2018 W50,100.97
2018-12-11T00:00:00.0000000,2018 W50,101.06
2018-12-12T00:00:00.0000000,2018 W50,34.71
2018-12-13T00:00:00.0000000,2018 W50,98.64
2018-12-14T00:00:00.0000000,2018 W50,99.19
2018-12-15T00:00:00.0000000,2018 W50,101.1
2018-12-16T00:00:00.0000000,2018 W51,102.84
2018-12-17T00:00:00.0000000,2018 W51,97.23
2018-12-18T00:00:00.0000000,2018 W51,12.97
2018-12-19T00:00:00.0000000,2018 W51,97.56
2018-12-20T00:00:00.0000000,2018 W51,102.14
2018-12-21T00:00:00.0000000,2018 W51,101.48
2018-12-22T00:00:00.0000000,2018 W51,99.36
2018-12-23T00:00:00.0000000,2018 W52,103.83
2018-12-24T00:00:00.0000000,2018 W52,108.59
2018-12-25T00:00:00.0000000,2018 W52,112.22
2018-12-26T00:00:00.0000000,2018 W52,105.95
2018-12-27T00:00:00.0000000,2018 W52,67.63
2018-12-28T00:00:00.0000000,2018 W52,100.7
2018-12-29T00:00:00.0000000,2018 W52,104.38
2018-12-30T00:00:00.0000000,2018 W53,93.53
2018-12-31T00:00:00.0000000,2018 W53,98.07
2019-01-01T00:00:00.0000000,2019 W01,101.59
2019-01-02T00:00:00.0000000,2019 W01,102.25
2019-01-03T00:00:00.0000000,2019 W01,66.96
2019-01-04T00:00:00.0000000,2019 W01,98.99
2019-01-05T00:00:00.0000000,2019 W01,96.49
2019-01-06T00:00:00.0000000,2019 W02,88.77
2019-01-07T00:00:00.0000000,2019 W02,99.88
2019-01-08T00:00:00.0000000,2019 W02,101.39
2019-01-09T00:00:00.0000000,2019 W02,98.06
2019-01-10T00:00:00.0000000,2019 W02,92.42
2019-01-11T00:00:00.0000000,2019 W02,89.66
2019-01-12T00:00:00.0000000,2019 W02,90.53
2019-01-13T00:00:00.0000000,2019 W03,98.22
2019-01-14T00:00:00.0000000,2019 W03,95.39
2019-01-15T00:00:00.0000000,2019 W03,92.05
2019-01-16T00:00:00.0000000,2019 W03,82.19
2019-01-17T00:00:00.0000000,2019 W03,100.74
2019-01-18T00:00:00.0000000,2019 W03,101.48
2019-01-19T00:00:00.0000000,2019 W03,99.53
2019-01-20T00:00:00.0000000,2019 W04,100.61
2019-01-21T00:00:00.0000000,2019 W04,93.15
2019-01-22T00:00:00.0000000,2019 W04,101.08
2019-01-23T00:00:00.0000000,2019 W04,100.71
2019-01-24T00:00:00.0000000,2019 W04,90.27
2019-01-25T00:00:00.0000000,2019 W04,86.05
2019-01-26T00:00:00.0000000,2019 W04,86.46
2019-01-27T00:00:00.0000000,2019 W05,100.1
2019-01-28T00:00:00.0000000,2019 W05,100.53
2019-01-29T00:00:00.0000000,2019 W05,99.44
2019-01-30T00:00:00.0000000,2019 W05,43.33
2019-01-31T00:00:00.0000000,2019 W05,99.42
2019-02-01T00:00:00.0000000,2019 W05,100.71
2019-02-02T00:00:00.0000000,2019 W05,96.67
2019-02-03T00:00:00.0000000,2019 W06,101.58
2019-02-04T00:00:00.0000000,2019 W06,105.62
2019-02-05T00:00:00.0000000,2019 W06,100.38
2019-02-06T00:00:00.0000000,2019 W06,16.95
2019-02-07T00:00:00.0000000,2019 W06,54.67
2019-02-08T00:00:00.0000000,2019 W06,100
2019-02-09T00:00:00.0000000,2019 W06,101.26
2019-02-10T00:00:00.0000000,2019 W07,103.67
2019-02-11T00:00:00.0000000,2019 W07,103.57
2019-02-12T00:00:00.0000000,2019 W07,103.36
2019-02-13T00:00:00.0000000,2019 W07,94.88
2019-02-14T00:00:00.0000000,2019 W07,98.88
2019-02-15T00:00:00.0000000,2019 W07,101.82
2019-02-16T00:00:00.0000000,2019 W07,100.82
2019-02-17T00:00:00.0000000,2019 W08,101.14
2019-02-18T00:00:00.0000000,2019 W08,106.29
2019-02-19T00:00:00.0000000,2019 W08,83.87
2019-02-20T00:00:00.0000000,2019 W08,104.19
2019-02-21T00:00:00.0000000,2019 W08,106.02
2019-02-22T00:00:00.0000000,2019 W08,109.43
2019-02-23T00:00:00.0000000,2019 W08,104.97
2019-02-24T00:00:00.0000000,2019 W09,89.69
2019-02-25T00:00:00.0000000,2019 W09,60.71
2019-02-26T00:00:00.0000000,2019 W09,108.13
2019-02-27T00:00:00.0000000,2019 W09,86.73
2019-02-28T00:00:00.0000000,2019 W09,86.34
2019-03-01T00:00:00.0000000,2019 W09,104.48
2019-03-02T00:00:00.0000000,2019 W09,101.82
2019-03-03T00:00:00.0000000,2019 W10,106.61
2019-03-04T00:00:00.0000000,2019 W10,97.22
2019-03-05T00:00:00.0000000,2019 W10,98.95
2019-03-06T00:00:00.0000000,2019 W10,96.42
2019-03-07T00:00:00.0000000,2019 W10,98.71
2019-03-08T00:00:00.0000000,2019 W10,96.4
2019-03-09T00:00:00.0000000,2019 W10,102.99
2019-03-10T00:00:00.0000000,2019 W11,96.7
2019-03-11T00:00:00.0000000,2019 W11,70.48
2019-03-12T00:00:00.0000000,2019 W11,90.6
2019-03-13T00:00:00.0000000,2019 W11,45.49
2019-03-14T00:00:00.0000000,2019 W11,89.18
2019-03-15T00:00:00.0000000,2019 W11,86.84
2019-03-16T00:00:00.0000000,2019 W11,99.87
2019-03-17T00:00:00.0000000,2019 W12,106.02
2019-03-18T00:00:00.0000000,2019 W12,104.74
2019-03-19T00:00:00.0000000,2019 W12,102.54
2019-03-20T00:00:00.0000000,2019 W12,105.06
2019-03-21T00:00:00.0000000,2019 W12,95.91
2019-03-22T00:00:00.0000000,2019 W12,104.31
2019-03-23T00:00:00.0000000,2019 W12,104.57
2019-03-24T00:00:00.0000000,2019 W13,96.13
2019-03-25T00:00:00.0000000,2019 W13,97.95
2019-03-26T00:00:00.0000000,2019 W13,99.58
2019-03-27T00:00:00.0000000,2019 W13,100.84
2019-03-28T00:00:00.0000000,2019 W13,105.27
2019-03-29T00:00:00.0000000,2019 W13,84.94
2019-03-30T00:00:00.0000000,2019 W13,81.72
2019-03-31T00:00:00.0000000,2019 W14,80.95
2019-04-14T00:00:00.0000000,2019 W16,58.12
2019-04-15T00:00:00.0000000,2019 W16,93.31
2019-04-16T00:00:00.0000000,2019 W16,94.13
2019-04-17T00:00:00.0000000,2019 W16,93.26
2019-04-18T00:00:00.0000000,2019 W16,80.85
2019-04-19T00:00:00.0000000,2019 W16,98.44
2019-04-20T00:00:00.0000000,2019 W16,97.22
2019-04-21T00:00:00.0000000,2019 W17,96.83
2019-04-22T00:00:00.0000000,2019 W17,98.76
2019-04-23T00:00:00.0000000,2019 W17,100.87
2019-04-24T00:00:00.0000000,2019 W17,91.28
2019-04-25T00:00:00.0000000,2019 W17,89.22
2019-04-26T00:00:00.0000000,2019 W17,98.89
2019-04-27T00:00:00.0000000,2019 W17,99.96
2019-04-28T00:00:00.0000000,2019 W18,101.15
2019-04-29T00:00:00.0000000,2019 W18,104.82
2019-04-30T00:00:00.0000000,2019 W18,105.45
2019-05-01T00:00:00.0000000,2019 W18,94.09
2019-05-02T00:00:00.0000000,2019 W18,97.56
2019-05-03T00:00:00.0000000,2019 W18,97.64
2019-05-04T00:00:00.0000000,2019 W18,109.32
2019-05-05T00:00:00.0000000,2019 W19,109.35
2019-05-06T00:00:00.0000000,2019 W19,97.55
2019-05-07T00:00:00.0000000,2019 W19,108.77
2019-05-08T00:00:00.0000000,2019 W19,106.45
2019-05-09T00:00:00.0000000,2019 W19,104.11
2019-05-10T00:00:00.0000000,2019 W19,100.03
2019-05-11T00:00:00.0000000,2019 W19,97.74
2019-05-12T00:00:00.0000000,2019 W20,100.42
2019-05-13T00:00:00.0000000,2019 W20,103.54
2019-05-14T00:00:00.0000000,2019 W20,85.72
2019-05-15T00:00:00.0000000,2019 W20,97.96
2019-05-16T00:00:00.0000000,2019 W20,102.06
2019-05-17T00:00:00.0000000,2019 W20,93.5
2019-05-18T00:00:00.0000000,2019 W20,92.42
2019-05-19T00:00:00.0000000,2019 W21,104.86
2019-05-20T00:00:00.0000000,2019 W21,89.51
2019-05-21T00:00:00.0000000,2019 W21,93.02
2019-05-22T00:00:00.0000000,2019 W21,98.53
2019-05-23T00:00:00.0000000,2019 W21,100.67
2019-05-24T00:00:00.0000000,2019 W21,107
2019-05-25T00:00:00.0000000,2019 W21,104.28
2019-05-26T00:00:00.0000000,2019 W22,87.43
2019-05-27T00:00:00.0000000,2019 W22,95.32
2019-05-28T00:00:00.0000000,2019 W22,99.27
2019-05-29T00:00:00.0000000,2019 W22,94.69
2019-05-30T00:00:00.0000000,2019 W22,94.06
2019-05-31T00:00:00.0000000,2019 W22,84.92
2019-06-01T00:00:00.0000000,2019 W22,87.41
2019-06-02T00:00:00.0000000,2019 W23,95.17
2019-06-03T00:00:00.0000000,2019 W23,96.34
2019-06-04T00:00:00.0000000,2019 W23,95.9
2019-06-06T00:00:00.0000000,2019 W23,102.44
2019-06-07T00:00:00.0000000,2019 W23,96.04
2019-06-08T00:00:00.0000000,2019 W23,77.63
2019-06-09T00:00:00.0000000,2019 W24,84.89
2019-06-10T00:00:00.0000000,2019 W24,86.82
2019-06-11T00:00:00.0000000,2019 W24,96.62
2019-06-12T00:00:00.0000000,2019 W24,89.54
2019-06-13T00:00:00.0000000,2019 W24,90.76
2019-06-14T00:00:00.0000000,2019 W24,90.07
2019-06-15T00:00:00.0000000,2019 W24,104.31
2019-06-16T00:00:00.0000000,2019 W25,105.06
2019-06-17T00:00:00.0000000,2019 W25,75.73
2019-06-18T00:00:00.0000000,2019 W25,100.2
2019-06-19T00:00:00.0000000,2019 W25,103.46
2019-06-20T00:00:00.0000000,2019 W25,58.58
2019-06-21T00:00:00.0000000,2019 W25,73.69
2019-06-22T00:00:00.0000000,2019 W25,98.41
2019-06-23T00:00:00.0000000,2019 W26,98.41
2019-06-24T00:00:00.0000000,2019 W26,99.01
2019-06-25T00:00:00.0000000,2019 W26,100.58
2019-06-26T00:00:00.0000000,2019 W26,95.35
2019-06-27T00:00:00.0000000,2019 W26,99.49
2019-06-28T00:00:00.0000000,2019 W26,100.42
2019-06-29T00:00:00.0000000,2019 W26,106.19
2019-06-30T00:00:00.0000000,2019 W27,100.8
2019-07-01T00:00:00.0000000,2019 W27,96.34
2019-07-02T00:00:00.0000000,2019 W27,103.8
2019-07-03T00:00:00.0000000,2019 W27,107.73
2019-07-04T00:00:00.0000000,2019 W27,87.69
2019-07-05T00:00:00.0000000,2019 W27,101.13
2019-07-06T00:00:00.0000000,2019 W27,104.67
2019-07-07T00:00:00.0000000,2019 W28,106.1
2019-07-08T00:00:00.0000000,2019 W28,92.91
2019-07-09T00:00:00.0000000,2019 W28,97.49
2019-07-10T00:00:00.0000000,2019 W28,98.85
2019-07-11T00:00:00.0000000,2019 W28,95.89
2019-07-12T00:00:00.0000000,2019 W28,96.22
2019-07-13T00:00:00.0000000,2019 W28,104.23
2019-07-14T00:00:00.0000000,2019 W29,101.74
2019-07-15T00:00:00.0000000,2019 W29,97.71
2019-07-16T00:00:00.0000000,2019 W29,101.65
2019-07-17T00:00:00.0000000,2019 W29,98.92
2019-07-18T00:00:00.0000000,2019 W29,101.09
2019-07-19T00:00:00.0000000,2019 W29,104.23
2019-07-20T00:00:00.0000000,2019 W29,100.4
2019-07-21T00:00:00.0000000,2019 W30,42.36
2019-07-22T00:00:00.0000000,2019 W30,72.21
2019-07-23T00:00:00.0000000,2019 W30,65.5
2019-07-24T00:00:00.0000000,2019 W30,51.87
2019-07-25T00:00:00.0000000,2019 W30,80.89
2019-07-26T00:00:00.0000000,2019 W30,91.14
2019-07-27T00:00:00.0000000,2019 W30,94.68
2019-07-28T00:00:00.0000000,2019 W31,95.39
2019-07-29T00:00:00.0000000,2019 W31,45.68
2019-08-01T00:00:00.0000000,2019 W31,82.58
2019-08-02T00:00:00.0000000,2019 W31,105.53
2019-08-03T00:00:00.0000000,2019 W31,93.73
2019-08-04T00:00:00.0000000,2019 W32,110.07
2019-08-05T00:00:00.0000000,2019 W32,105.72
2019-08-06T00:00:00.0000000,2019 W32,97.41
2019-08-08T00:00:00.0000000,2019 W32,52.84
2019-08-09T00:00:00.0000000,2019 W32,84.83
2019-08-10T00:00:00.0000000,2019 W32,92.7
2019-08-11T00:00:00.0000000,2019 W33,87.36
2019-08-12T00:00:00.0000000,2019 W33,101.3
2019-08-13T00:00:00.0000000,2019 W33,98.33
2019-08-14T00:00:00.0000000,2019 W33,101.68
2019-08-15T00:00:00.0000000,2019 W33,89.05
2019-08-16T00:00:00.0000000,2019 W33,98.87
2019-08-17T00:00:00.0000000,2019 W33,46.3
2019-08-18T00:00:00.0000000,2019 W34,96.03
2019-08-19T00:00:00.0000000,2019 W34,95.85
2019-08-20T00:00:00.0000000,2019 W34,36.78
2019-08-21T00:00:00.0000000,2019 W34,98.64
2019-08-22T00:00:00.0000000,2019 W34,94.22
2019-08-23T00:00:00.0000000,2019 W34,95.37
2019-08-24T00:00:00.0000000,2019 W34,103.88
2019-08-25T00:00:00.0000000,2019 W35,34.67
2019-08-26T00:00:00.0000000,2019 W35,86.51
2019-08-27T00:00:00.0000000,2019 W35,102.9
2019-08-28T00:00:00.0000000,2019 W35,105.01
2019-08-29T00:00:00.0000000,2019 W35,107.09
2019-08-30T00:00:00.0000000,2019 W35,94.48
2019-08-31T00:00:00.0000000,2019 W35,99.2
2019-09-01T00:00:00.0000000,2019 W36,98.73
2019-09-02T00:00:00.0000000,2019 W36,103.59
2019-09-03T00:00:00.0000000,2019 W36,103.29
2019-09-04T00:00:00.0000000,2019 W36,107.21
2019-09-05T00:00:00.0000000,2019 W36,106.71
2019-09-06T00:00:00.0000000,2019 W36,104.08
2019-09-07T00:00:00.0000000,2019 W36,104.14
2019-09-08T00:00:00.0000000,2019 W37,83.23
2019-09-09T00:00:00.0000000,2019 W37,98.69
2019-09-10T00:00:00.0000000,2019 W37,97.7
2019-09-11T00:00:00.0000000,2019 W37,98.32
2019-09-12T00:00:00.0000000,2019 W37,105.13
2019-09-13T00:00:00.0000000,2019 W37,106
2019-09-14T00:00:00.0000000,2019 W37,101.25
2019-09-15T00:00:00.0000000,2019 W38,102.81
2019-09-16T00:00:00.0000000,2019 W38,106.44
2019-09-17T00:00:00.0000000,2019 W38,82.6
2019-09-18T00:00:00.0000000,2019 W38,97.91
2019-09-19T00:00:00.0000000,2019 W38,95.27
2019-09-20T00:00:00.0000000,2019 W38,102.25
2019-09-21T00:00:00.0000000,2019 W38,105.06
2019-09-22T00:00:00.0000000,2019 W39,99.34
2019-09-23T00:00:00.0000000,2019 W39,101.26
2019-09-24T00:00:00.0000000,2019 W39,107.28
2019-09-25T00:00:00.0000000,2019 W39,102.75
2019-09-26T00:00:00.0000000,2019 W39,104.59
2019-09-27T00:00:00.0000000,2019 W39,102.34
2019-09-28T00:00:00.0000000,2019 W39,104.61
2019-09-29T00:00:00.0000000,2019 W40,101.74
2019-09-30T00:00:00.0000000,2019 W40,100.33
2019-10-01T00:00:00.0000000,2019 W40,96
2019-10-02T00:00:00.0000000,2019 W40,100.85
2019-10-03T00:00:00.0000000,2019 W40,100.13
2019-10-04T00:00:00.0000000,2019 W40,75.17
2019-10-05T00:00:00.0000000,2019 W40,92.69
2019-10-06T00:00:00.0000000,2019 W41,97.25
2019-10-07T00:00:00.0000000,2019 W41,85.75
2019-10-08T00:00:00.0000000,2019 W41,94.71
2019-10-10T00:00:00.0000000,2019 W41,64.1
2019-10-11T00:00:00.0000000,2019 W41,71.67
2019-10-12T00:00:00.0000000,2019 W41,70.21
2019-10-13T00:00:00.0000000,2019 W42,70.01
2019-10-14T00:00:00.0000000,2019 W42,70.55
2019-10-15T00:00:00.0000000,2019 W42,69.4
2019-10-16T00:00:00.0000000,2019 W42,69.14
2019-10-17T00:00:00.0000000,2019 W42,70.37
2019-10-18T00:00:00.0000000,2019 W42,67.65
2019-10-19T00:00:00.0000000,2019 W42,72.53
2019-10-20T00:00:00.0000000,2019 W43,70.27
2019-10-21T00:00:00.0000000,2019 W43,71.86
2019-10-22T00:00:00.0000000,2019 W43,70.09
2019-10-23T00:00:00.0000000,2019 W43,69.64
2019-10-24T00:00:00.0000000,2019 W43,63.25
2019-10-26T00:00:00.0000000,2019 W43,87.05
2019-10-27T00:00:00.0000000,2019 W44,87.32
2019-10-28T00:00:00.0000000,2019 W44,90.18
2019-10-29T00:00:00.0000000,2019 W44,101.6
2019-10-30T00:00:00.0000000,2019 W44,99.08
2019-10-31T00:00:00.0000000,2019 W44,101.18
2019-11-01T00:00:00.0000000,2019 W44,102.06
2019-11-02T00:00:00.0000000,2019 W44,98.44
2019-11-03T00:00:00.0000000,2019 W45,103.99
2019-11-04T00:00:00.0000000,2019 W45,84.84
2019-11-05T00:00:00.0000000,2019 W45,57.56
2019-11-06T00:00:00.0000000,2019 W45,92.8
2019-11-07T00:00:00.0000000,2019 W45,88.24
2019-11-08T00:00:00.0000000,2019 W45,84.1
2019-11-09T00:00:00.0000000,2019 W45,87.49
2019-11-10T00:00:00.0000000,2019 W46,93.41
2019-11-11T00:00:00.0000000,2019 W46,86.48
2019-11-12T00:00:00.0000000,2019 W46,57
2019-11-13T00:00:00.0000000,2019 W46,81.22
2019-11-14T00:00:00.0000000,2019 W46,68.34
2019-11-15T00:00:00.0000000,2019 W46,66.87
2019-11-16T00:00:00.0000000,2019 W46,76.99
2019-11-17T00:00:00.0000000,2019 W47,82.16
2019-11-18T00:00:00.0000000,2019 W47,70.69
2019-11-19T00:00:00.0000000,2019 W47,71.57
2019-11-20T00:00:00.0000000,2019 W47,72.88
2019-11-21T00:00:00.0000000,2019 W47,95.42
2019-11-22T00:00:00.0000000,2019 W47,105.85
2019-11-23T00:00:00.0000000,2019 W47,103.18
2019-11-24T00:00:00.0000000,2019 W48,100.92
2019-11-25T00:00:00.0000000,2019 W48,106.26
2019-11-26T00:00:00.0000000,2019 W48,104.86
2019-11-27T00:00:00.0000000,2019 W48,102.98
2019-11-28T00:00:00.0000000,2019 W48,103.49
2019-11-29T00:00:00.0000000,2019 W48,97.42
2019-11-30T00:00:00.0000000,2019 W48,93.14
2019-12-01T00:00:00.0000000,2019 W49,100.79
2019-12-02T00:00:00.0000000,2019 W49,95.65
2019-12-03T00:00:00.0000000,2019 W49,98
2019-12-04T00:00:00.0000000,2019 W49,89.3
2019-12-05T00:00:00.0000000,2019 W49,103.3
2019-12-06T00:00:00.0000000,2019 W49,99.65
2019-12-07T00:00:00.0000000,2019 W49,93.36
2019-12-08T00:00:00.0000000,2019 W50,97.03
2019-12-09T00:00:00.0000000,2019 W50,102.83
2019-12-10T00:00:00.0000000,2019 W50,7.94
2019-12-12T00:00:00.0000000,2019 W50,81.01
2019-12-13T00:00:00.0000000,2019 W50,88.74
2019-12-14T00:00:00.0000000,2019 W50,88.69
2019-12-15T00:00:00.0000000,2019 W51,97.11
2019-12-16T00:00:00.0000000,2019 W51,93.32
2019-12-17T00:00:00.0000000,2019 W51,99.45
2019-12-18T00:00:00.0000000,2019 W51,99.48
2019-12-19T00:00:00.0000000,2019 W51,103.5
2019-12-20T00:00:00.0000000,2019 W51,84.98
2019-12-21T00:00:00.0000000,2019 W51,107.34
2019-12-22T00:00:00.0000000,2019 W52,97.37
2019-12-23T00:00:00.0000000,2019 W52,99.24
2019-12-24T00:00:00.0000000,2019 W52,102.64
2019-12-25T00:00:00.0000000,2019 W52,103.75
2019-12-26T00:00:00.0000000,2019 W52,98.28
2019-12-27T00:00:00.0000000,2019 W52,103.14
2019-12-28T00:00:00.0000000,2019 W52,91.79
2019-12-29T00:00:00.0000000,2019 W53,102.88
2019-12-30T00:00:00.0000000,2019 W53,88.09
2019-12-31T00:00:00.0000000,2019 W53,93.88
2020-01-01T00:00:00.0000000,2020 W01,90.15
2020-01-02T00:00:00.0000000,2020 W01,91.5
2020-01-03T00:00:00.0000000,2020 W01,95.41
2020-01-04T00:00:00.0000000,2020 W01,101.35
2020-01-05T00:00:00.0000000,2020 W02,97.3
2020-01-06T00:00:00.0000000,2020 W02,79.86
2020-01-07T00:00:00.0000000,2020 W02,101.4
2020-01-08T00:00:00.0000000,2020 W02,101.1
2020-01-09T00:00:00.0000000,2020 W02,107.77
2020-01-10T00:00:00.0000000,2020 W02,93.61
2020-01-11T00:00:00.0000000,2020 W02,86.56
2020-01-12T00:00:00.0000000,2020 W03,83.19
2020-01-13T00:00:00.0000000,2020 W03,84.94
2020-01-14T00:00:00.0000000,2020 W03,77.54
2020-01-15T00:00:00.0000000,2020 W03,73.14
2020-01-16T00:00:00.0000000,2020 W03,96.5
2020-01-17T00:00:00.0000000,2020 W03,104.23
2020-01-18T00:00:00.0000000,2020 W03,100.72
2020-01-19T00:00:00.0000000,2020 W04,101.29
2020-01-20T00:00:00.0000000,2020 W04,98.27
2020-01-21T00:00:00.0000000,2020 W04,99.73
2020-01-22T00:00:00.0000000,2020 W04,85.54
2020-01-23T00:00:00.0000000,2020 W04,95.72
2020-01-24T00:00:00.0000000,2020 W04,97.45
2020-01-25T00:00:00.0000000,2020 W04,96.33
2020-01-26T00:00:00.0000000,2020 W05,98.81
2020-01-27T00:00:00.0000000,2020 W05,68.49
2020-01-29T00:00:00.0000000,2020 W05,34.66
2020-01-30T00:00:00.0000000,2020 W05,95.37
2020-01-31T00:00:00.0000000,2020 W05,96.85
2020-02-01T00:00:00.0000000,2020 W05,95.56
2020-02-02T00:00:00.0000000,2020 W06,96.61
2020-02-03T00:00:00.0000000,2020 W06,90.41
2020-02-04T00:00:00.0000000,2020 W06,90.1
2020-02-06T00:00:00.0000000,2020 W06,86.46
2020-02-07T00:00:00.0000000,2020 W06,95
2020-02-08T00:00:00.0000000,2020 W06,100.09
2020-02-09T00:00:00.0000000,2020 W07,98.12
2020-02-10T00:00:00.0000000,2020 W07,95.48
2020-02-11T00:00:00.0000000,2020 W07,88.32
2020-02-12T00:00:00.0000000,2020 W07,78.63
2020-02-13T00:00:00.0000000,2020 W07,76.68
2020-02-14T00:00:00.0000000,2020 W07,92.98
2020-02-15T00:00:00.0000000,2020 W07,94.27
2020-02-16T00:00:00.0000000,2020 W08,89.41
2020-02-17T00:00:00.0000000,2020 W08,77.27
2020-02-18T00:00:00.0000000,2020 W08,71.12
2020-02-20T00:00:00.0000000,2020 W08,87.98
2020-02-21T00:00:00.0000000,2020 W08,87.92
2020-02-22T00:00:00.0000000,2020 W08,95.39
2020-02-23T00:00:00.0000000,2020 W09,97.43
2020-02-24T00:00:00.0000000,2020 W09,89.71
2020-02-25T00:00:00.0000000,2020 W09,90.1
2020-02-26T00:00:00.0000000,2020 W09,94.23
2020-02-27T00:00:00.0000000,2020 W09,98.62
2020-02-28T00:00:00.0000000,2020 W09,92.69
2020-02-29T00:00:00.0000000,2020 W09,103.45
2020-03-01T00:00:00.0000000,2020 W10,102.31
2020-03-02T00:00:00.0000000,2020 W10,108.48
2020-03-03T00:00:00.0000000,2020 W10,111.58
2020-03-04T00:00:00.0000000,2020 W10,93.47
2020-03-05T00:00:00.0000000,2020 W10,99.01
2020-03-06T00:00:00.0000000,2020 W10,104.89
2020-03-07T00:00:00.0000000,2020 W10,99.88
2020-03-08T00:00:00.0000000,2020 W11,98.75
2020-03-09T00:00:00.0000000,2020 W11,103.76
2020-03-10T00:00:00.0000000,2020 W11,102.02
2020-03-11T00:00:00.0000000,2020 W11,108.41
2020-03-12T00:00:00.0000000,2020 W11,94.71
2020-03-13T00:00:00.0000000,2020 W11,100.24
2020-03-14T00:00:00.0000000,2020 W11,95.46
2020-03-15T00:00:00.0000000,2020 W12,89.29
2020-03-16T00:00:00.0000000,2020 W12,104.53
2020-03-17T00:00:00.0000000,2020 W12,44.71
2020-03-18T00:00:00.0000000,2020 W12,102.87
2020-03-19T00:00:00.0000000,2020 W12,101.92
2020-03-20T00:00:00.0000000,2020 W12,103.15
2020-03-21T00:00:00.0000000,2020 W12,103.4
2020-03-22T00:00:00.0000000,2020 W13,99.16
2020-03-23T00:00:00.0000000,2020 W13,82.24
2020-03-24T00:00:00.0000000,2020 W13,99.22
2020-03-25T00:00:00.0000000,2020 W13,102.69
2020-03-26T00:00:00.0000000,2020 W13,100.66
2020-03-27T00:00:00.0000000,2020 W13,101.64
2020-03-28T00:00:00.0000000,2020 W13,94.36
2020-03-29T00:00:00.0000000,2020 W14,94.07
2020-03-30T00:00:00.0000000,2020 W14,98.22
2020-03-31T00:00:00.0000000,2020 W14,81.43
2020-04-01T00:00:00.0000000,2020 W14,102.59
2020-04-02T00:00:00.0000000,2020 W14,85.62
2020-04-03T00:00:00.0000000,2020 W14,103.53
2020-04-04T00:00:00.0000000,2020 W14,102.69
2020-04-05T00:00:00.0000000,2020 W15,93.62
2020-04-06T00:00:00.0000000,2020 W15,94.54
2020-04-07T00:00:00.0000000,2020 W15,97.26
2020-04-08T00:00:00.0000000,2020 W15,98.24
2020-04-09T00:00:00.0000000,2020 W15,96.81
2020-04-10T00:00:00.0000000,2020 W15,96.7
2020-04-11T00:00:00.0000000,2020 W15,101.83
2020-04-12T00:00:00.0000000,2020 W16,95.06
2020-04-13T00:00:00.0000000,2020 W16,101.26
2020-04-14T00:00:00.0000000,2020 W16,87
2020-04-15T00:00:00.0000000,2020 W16,2.13
2020-04-16T00:00:00.0000000,2020 W16,87.9
2020-04-17T00:00:00.0000000,2020 W16,95.01
2020-04-18T00:00:00.0000000,2020 W16,73.83
2020-04-19T00:00:00.0000000,2020 W17,96.79
2020-04-20T00:00:00.0000000,2020 W17,53.92
2020-04-21T00:00:00.0000000,2020 W17,88.69
2020-04-22T00:00:00.0000000,2020 W17,89.49
2020-04-23T00:00:00.0000000,2020 W17,103.21
2020-04-24T00:00:00.0000000,2020 W17,103.41
2020-04-25T00:00:00.0000000,2020 W17,100.13
2020-04-26T00:00:00.0000000,2020 W18,106.65
2020-04-27T00:00:00.0000000,2020 W18,102.86
2020-04-28T00:00:00.0000000,2020 W18,100.91
2020-04-29T00:00:00.0000000,2020 W18,100.92
2020-04-30T00:00:00.0000000,2020 W18,93.99
2020-05-01T00:00:00.0000000,2020 W18,102.1
2020-05-02T00:00:00.0000000,2020 W18,99.12
2020-05-03T00:00:00.0000000,2020 W19,82.02
2020-05-04T00:00:00.0000000,2020 W19,76.1
2020-05-05T00:00:00.0000000,2020 W19,31.68
2020-05-06T00:00:00.0000000,2020 W19,103.33
2020-05-07T00:00:00.0000000,2020 W19,103.39
2020-05-08T00:00:00.0000000,2020 W19,88
2020-05-09T00:00:00.0000000,2020 W19,95.16
2020-05-10T00:00:00.0000000,2020 W20,101.58
2020-05-11T00:00:00.0000000,2020 W20,96.64
2020-05-12T00:00:00.0000000,2020 W20,92.42
2020-05-13T00:00:00.0000000,2020 W20,95.81
2020-05-14T00:00:00.0000000,2020 W20,56.5
2020-05-15T00:00:00.0000000,2020 W20,102.98
2020-05-16T00:00:00.0000000,2020 W20,104.77
2020-05-17T00:00:00.0000000,2020 W21,104.71
2020-05-18T00:00:00.0000000,2020 W21,103.64
2020-05-19T00:00:00.0000000,2020 W21,94.16
2020-05-20T00:00:00.0000000,2020 W21,96.36
2020-05-21T00:00:00.0000000,2020 W21,79.9
2020-05-22T00:00:00.0000000,2020 W21,71.65
2020-05-23T00:00:00.0000000,2020 W21,103.52
2020-05-24T00:00:00.0000000,2020 W22,103.72
2020-05-25T00:00:00.0000000,2020 W22,90.79
2020-05-26T00:00:00.0000000,2020 W22,83.56
2020-05-27T00:00:00.0000000,2020 W22,80.24
2020-05-28T00:00:00.0000000,2020 W22,88.54
2020-05-29T00:00:00.0000000,2020 W22,83.08
2020-05-30T00:00:00.0000000,2020 W22,91.92
2020-05-31T00:00:00.0000000,2020 W23,96.19
2020-06-01T00:00:00.0000000,2020 W23,104.86
2020-06-02T00:00:00.0000000,2020 W23,100
2020-06-03T00:00:00.0000000,2020 W23,94.34
2020-06-04T00:00:00.0000000,2020 W23,74.73
2020-06-05T00:00:00.0000000,2020 W23,81.52
2020-06-06T00:00:00.0000000,2020 W23,101.24
2020-06-07T00:00:00.0000000,2020 W24,99.42
2020-06-08T00:00:00.0000000,2020 W24,97.26
2020-06-09T00:00:00.0000000,2020 W24,99.71
2020-06-10T00:00:00.0000000,2020 W24,101.59
2020-06-11T00:00:00.0000000,2020 W24,99.59
2020-06-12T00:00:00.0000000,2020 W24,96.4
2020-06-13T00:00:00.0000000,2020 W24,96.42
2020-06-14T00:00:00.0000000,2020 W25,99.89
2020-06-15T00:00:00.0000000,2020 W25,98.59
2020-06-16T00:00:00.0000000,2020 W25,96.88
2020-06-17T00:00:00.0000000,2020 W25,96.42
2020-06-18T00:00:00.0000000,2020 W25,84.08
2020-06-19T00:00:00.0000000,2020 W25,102.98
2020-06-20T00:00:00.0000000,2020 W25,101.36
2020-06-21T00:00:00.0000000,2020 W26,101.31
2020-06-22T00:00:00.0000000,2020 W26,81.13
2020-06-23T00:00:00.0000000,2020 W26,91.43
2020-06-24T00:00:00.0000000,2020 W26,90.87
2020-06-25T00:00:00.0000000,2020 W26,96.83
2020-06-26T00:00:00.0000000,2020 W26,90.92
2020-06-27T00:00:00.0000000,2020 W26,93.19
2020-06-28T00:00:00.0000000,2020 W27,95.63
2020-06-29T00:00:00.0000000,2020 W27,98.45
2020-06-30T00:00:00.0000000,2020 W27,89.01
2020-07-01T00:00:00.0000000,2020 W27,98.07
2020-07-02T00:00:00.0000000,2020 W27,96.94
2020-07-03T00:00:00.0000000,2020 W27,92.24
2020-07-04T00:00:00.0000000,2020 W27,88.09
2020-07-05T00:00:00.0000000,2020 W28,91.9
2020-07-06T00:00:00.0000000,2020 W28,95.12
2020-07-07T00:00:00.0000000,2020 W28,90.67
2020-07-20T00:00:00.0000000,2020 W30,82.1
2020-07-21T00:00:00.0000000,2020 W30,80.56
2020-07-22T00:00:00.0000000,2020 W30,80.69
2020-07-23T00:00:00.0000000,2020 W30,87.4
2020-07-24T00:00:00.0000000,2020 W30,93.13
2020-07-25T00:00:00.0000000,2020 W30,90.74
2020-07-26T00:00:00.0000000,2020 W31,79.07
2020-07-27T00:00:00.0000000,2020 W31,82.63
2020-07-28T00:00:00.0000000,2020 W31,87.31
2020-07-29T00:00:00.0000000,2020 W31,77.17
2020-07-30T00:00:00.0000000,2020 W31,92.08
2020-07-31T00:00:00.0000000,2020 W31,99.44
2020-08-01T00:00:00.0000000,2020 W31,94.97
2020-08-02T00:00:00.0000000,2020 W32,98.56
2020-08-03T00:00:00.0000000,2020 W32,102.41
2020-08-04T00:00:00.0000000,2020 W32,93.66
2020-08-05T00:00:00.0000000,2020 W32,98.76
2020-08-06T00:00:00.0000000,2020 W32,89.19
2020-08-07T00:00:00.0000000,2020 W32,98.55
2020-08-08T00:00:00.0000000,2020 W32,97.64
2020-08-09T00:00:00.0000000,2020 W33,90.92
2020-08-10T00:00:00.0000000,2020 W33,88.48
2020-08-11T00:00:00.0000000,2020 W33,97.08
2020-08-12T00:00:00.0000000,2020 W33,99.29
2020-08-13T00:00:00.0000000,2020 W33,71.59
2020-08-14T00:00:00.0000000,2020 W33,12.46
2020-08-15T00:00:00.0000000,2020 W33,75.76
2020-08-16T00:00:00.0000000,2020 W34,86.87
2020-08-17T00:00:00.0000000,2020 W34,100.91
2020-08-18T00:00:00.0000000,2020 W34,104.79
2020-08-19T00:00:00.0000000,2020 W34,108.13
2020-08-20T00:00:00.0000000,2020 W34,102.48
2020-08-21T00:00:00.0000000,2020 W34,90.93
2020-08-22T00:00:00.0000000,2020 W34,98.53
2020-08-23T00:00:00.0000000,2020 W35,100.47
2020-08-24T00:00:00.0000000,2020 W35,87.26
2020-08-25T00:00:00.0000000,2020 W35,99.58
2020-08-26T00:00:00.0000000,2020 W35,103.74
2020-08-27T00:00:00.0000000,2020 W35,104.13
2020-08-28T00:00:00.0000000,2020 W35,73.17
2020-08-29T00:00:00.0000000,2020 W35,93.58
2020-08-30T00:00:00.0000000,2020 W36,94.42
2020-08-31T00:00:00.0000000,2020 W36,95.21
2020-09-01T00:00:00.0000000,2020 W36,100.98
2020-09-02T00:00:00.0000000,2020 W36,84.39
2020-09-03T00:00:00.0000000,2020 W36,84.79
2020-09-04T00:00:00.0000000,2020 W36,96.66
2020-09-05T00:00:00.0000000,2020 W36,95.33
2020-09-06T00:00:00.0000000,2020 W37,105.8
2020-09-07T00:00:00.0000000,2020 W37,105.44
2020-09-08T00:00:00.0000000,2020 W37,102.63
2020-09-09T00:00:00.0000000,2020 W37,100.76
2020-09-10T00:00:00.0000000,2020 W37,77.51
2020-09-11T00:00:00.0000000,2020 W37,62.81
2020-09-12T00:00:00.0000000,2020 W37,88.86
2020-09-13T00:00:00.0000000,2020 W38,102.87
2020-09-14T00:00:00.0000000,2020 W38,104.19
2020-09-15T00:00:00.0000000,2020 W38,104.14
2020-09-16T00:00:00.0000000,2020 W38,98.11
2020-09-17T00:00:00.0000000,2020 W38,83.59
2020-09-18T00:00:00.0000000,2020 W38,85.11
2020-09-19T00:00:00.0000000,2020 W38,93.72
2020-09-20T00:00:00.0000000,2020 W39,93.93
2020-09-21T00:00:00.0000000,2020 W39,90.63
2020-09-22T00:00:00.0000000,2020 W39,94.48
2020-09-23T00:00:00.0000000,2020 W39,92.77
2020-09-24T00:00:00.0000000,2020 W39,97.68
2020-09-25T00:00:00.0000000,2020 W39,103.17
2020-09-26T00:00:00.0000000,2020 W39,100.02
2020-09-27T00:00:00.0000000,2020 W40,35.34
2020-09-28T00:00:00.0000000,2020 W40,96.73
2020-09-29T00:00:00.0000000,2020 W40,95.71
2020-09-30T00:00:00.0000000,2020 W40,87.36
2020-10-01T00:00:00.0000000,2020 W40,87.54
2020-10-02T00:00:00.0000000,2020 W40,89.37
2020-10-03T00:00:00.0000000,2020 W40,92.24
2020-10-04T00:00:00.0000000,2020 W41,79.36
2020-10-05T00:00:00.0000000,2020 W41,63.72
2020-10-06T00:00:00.0000000,2020 W41,90.99
2020-10-07T00:00:00.0000000,2020 W41,20.78
2020-10-08T00:00:00.0000000,2020 W41,95.95
2020-10-09T00:00:00.0000000,2020 W41,92.72
2020-10-10T00:00:00.0000000,2020 W41,100.46
2020-10-11T00:00:00.0000000,2020 W42,104.86
2020-10-12T00:00:00.0000000,2020 W42,101.04
2020-10-13T00:00:00.0000000,2020 W42,102.83
2020-10-14T00:00:00.0000000,2020 W42,105.42
2020-10-15T00:00:00.0000000,2020 W42,107.76
2020-10-16T00:00:00.0000000,2020 W42,105.65
2020-10-17T00:00:00.0000000,2020 W42,107.22
2020-10-18T00:00:00.0000000,2020 W43,106.3
2020-10-19T00:00:00.0000000,2020 W43,108.14
2020-10-20T00:00:00.0000000,2020 W43,106.39
2020-10-21T00:00:00.0000000,2020 W43,88.87
2020-10-22T00:00:00.0000000,2020 W43,104.1
2020-10-23T00:00:00.0000000,2020 W43,105.07
2020-10-24T00:00:00.0000000,2020 W43,99.69
2020-10-25T00:00:00.0000000,2020 W44,102.23
2020-10-26T00:00:00.0000000,2020 W44,100.86
2020-10-27T00:00:00.0000000,2020 W44,98.55
2020-10-28T00:00:00.0000000,2020 W44,97.53
2020-10-29T00:00:00.0000000,2020 W44,94.61
2020-10-30T00:00:00.0000000,2020 W44,102.61
2020-10-31T00:00:00.0000000,2020 W44,107.52
2020-11-01T00:00:00.0000000,2020 W45,93.47
2020-11-02T00:00:00.0000000,2020 W45,94.13
2020-11-03T00:00:00.0000000,2020 W45,97.46
2020-11-04T00:00:00.0000000,2020 W45,88.83
2020-11-05T00:00:00.0000000,2020 W45,104
2020-11-06T00:00:00.0000000,2020 W45,98.35
2020-11-07T00:00:00.0000000,2020 W45,100.74
2020-11-08T00:00:00.0000000,2020 W46,98.66
2020-11-09T00:00:00.0000000,2020 W46,101.13
2020-11-10T00:00:00.0000000,2020 W46,82.69
2020-11-11T00:00:00.0000000,2020 W46,91.05
2020-11-12T00:00:00.0000000,2020 W46,94.1
2020-11-13T00:00:00.0000000,2020 W46,97.05
2020-11-14T00:00:00.0000000,2020 W46,96.76
2020-11-15T00:00:00.0000000,2020 W47,99.78
2020-11-16T00:00:00.0000000,2020 W47,98.69
2020-11-17T00:00:00.0000000,2020 W47,92.32
2020-11-18T00:00:00.0000000,2020 W47,91.38
2020-11-19T00:00:00.0000000,2020 W47,91.56
2020-11-20T00:00:00.0000000,2020 W47,94.57
2020-11-21T00:00:00.0000000,2020 W47,96.69
2020-11-22T00:00:00.0000000,2020 W48,97.6
2020-11-23T00:00:00.0000000,2020 W48,89.65
2020-11-24T00:00:00.0000000,2020 W48,97.31
2020-11-25T00:00:00.0000000,2020 W48,89.54
2020-11-26T00:00:00.0000000,2020 W48,92.12
2020-11-27T00:00:00.0000000,2020 W48,96.86
2020-11-28T00:00:00.0000000,2020 W48,93.55
2020-11-29T00:00:00.0000000,2020 W49,87.86
2020-11-30T00:00:00.0000000,2020 W49,92.59
2020-12-01T00:00:00.0000000,2020 W49,99.43
2020-12-02T00:00:00.0000000,2020 W49,75.94
2020-12-03T00:00:00.0000000,2020 W49,105.16
2020-12-04T00:00:00.0000000,2020 W49,99.86
2020-12-05T00:00:00.0000000,2020 W49,95.23
2020-12-06T00:00:00.0000000,2020 W50,91.99
2020-12-07T00:00:00.0000000,2020 W50,88.83
2020-12-08T00:00:00.0000000,2020 W50,95.23
2020-12-09T00:00:00.0000000,2020 W50,100.37
2020-12-10T00:00:00.0000000,2020 W50,98.62
2020-12-11T00:00:00.0000000,2020 W50,91.16
2020-12-12T00:00:00.0000000,2020 W50,77.07
2020-12-13T00:00:00.0000000,2020 W51,88.75
2020-12-14T00:00:00.0000000,2020 W51,87.79
2020-12-15T00:00:00.0000000,2020 W51,89.07
2020-12-16T00:00:00.0000000,2020 W51,12.95
2020-12-17T00:00:00.0000000,2020 W51,91.79
2020-12-18T00:00:00.0000000,2020 W51,55.32
2020-12-19T00:00:00.0000000,2020 W51,90.04
2020-12-20T00:00:00.0000000,2020 W52,91.09
2020-12-21T00:00:00.0000000,2020 W52,69.45
2020-12-22T00:00:00.0000000,2020 W52,77.44
2020-12-23T00:00:00.0000000,2020 W52,90.79
2020-12-24T00:00:00.0000000,2020 W52,93.76
2020-12-25T00:00:00.0000000,2020 W52,83.7
2020-12-26T00:00:00.0000000,2020 W52,91.92
2020-12-27T00:00:00.0000000,2020 W53,93.36
2020-12-28T00:00:00.0000000,2020 W53,96.99
2020-12-29T00:00:00.0000000,2020 W53,102.83
2020-12-30T00:00:00.0000000,2020 W53,102.09
2020-12-31T00:00:00.0000000,2020 W53,98.04
2021-01-01T00:00:00.0000000,2021 W01,102.67
2021-01-02T00:00:00.0000000,2021 W01,92.77
2021-01-03T00:00:00.0000000,2021 W02,91.72
2021-01-04T00:00:00.0000000,2021 W02,80.34
2021-01-05T00:00:00.0000000,2021 W02,87.52
2021-01-06T00:00:00.0000000,2021 W02,103.13
2021-01-07T00:00:00.0000000,2021 W02,102.64
2021-01-08T00:00:00.0000000,2021 W02,101.5
2021-01-09T00:00:00.0000000,2021 W02,84.9
2021-01-10T00:00:00.0000000,2021 W03,87.31
2021-01-11T00:00:00.0000000,2021 W03,76.28
2021-01-12T00:00:00.0000000,2021 W03,12.6
2021-01-13T00:00:00.0000000,2021 W03,26.45
2021-01-14T00:00:00.0000000,2021 W03,92.64
2021-01-15T00:00:00.0000000,2021 W03,90.14
2021-01-16T00:00:00.0000000,2021 W03,71.61
2021-01-17T00:00:00.0000000,2021 W04,78.56
2021-01-18T00:00:00.0000000,2021 W04,91.67
2021-01-19T00:00:00.0000000,2021 W04,104.78
2021-01-20T00:00:00.0000000,2021 W04,103.12
2021-01-21T00:00:00.0000000,2021 W04,96.76
2021-01-22T00:00:00.0000000,2021 W04,100.5
2021-01-23T00:00:00.0000000,2021 W04,103.49
2021-01-24T00:00:00.0000000,2021 W05,79.16
2021-01-25T00:00:00.0000000,2021 W05,81.69
2021-01-26T00:00:00.0000000,2021 W05,97.34
2021-01-27T00:00:00.0000000,2021 W05,102.24
2021-01-28T00:00:00.0000000,2021 W05,80.52
2021-01-29T00:00:00.0000000,2021 W05,94.43
2021-01-30T00:00:00.0000000,2021 W05,103.07
2021-01-31T00:00:00.0000000,2021 W06,99.87
2021-02-01T00:00:00.0000000,2021 W06,93.04
2021-02-02T00:00:00.0000000,2021 W06,98.65
2021-02-03T00:00:00.0000000,2021 W06,101.31
2021-02-04T00:00:00.0000000,2021 W06,105.3
2021-02-05T00:00:00.0000000,2021 W06,91.87
2021-02-06T00:00:00.0000000,2021 W06,93.68
2021-02-07T00:00:00.0000000,2021 W07,81.33
2021-02-08T00:00:00.0000000,2021 W07,84.65
2021-02-09T00:00:00.0000000,2021 W07,92.54
2021-02-10T00:00:00.0000000,2021 W07,24.94
2021-02-11T00:00:00.0000000,2021 W07,86.16
2021-02-12T00:00:00.0000000,2021 W07,89.68
2021-02-13T00:00:00.0000000,2021 W07,96.58
2021-02-14T00:00:00.0000000,2021 W08,88.75
2021-02-15T00:00:00.0000000,2021 W08,63.25
2021-02-16T00:00:00.0000000,2021 W08,66.36
2021-02-17T00:00:00.0000000,2021 W08,65.81
2021-02-18T00:00:00.0000000,2021 W08,66.85
2021-02-21T00:00:00.0000000,2021 W09,67.98
2021-02-22T00:00:00.0000000,2021 W09,78.53
2021-02-23T00:00:00.0000000,2021 W09,85.39
2021-02-24T00:00:00.0000000,2021 W09,100.08
2021-02-25T00:00:00.0000000,2021 W09,83.32
2021-02-26T00:00:00.0000000,2021 W09,85.57
2021-02-27T00:00:00.0000000,2021 W09,99.83
2021-02-28T00:00:00.0000000,2021 W10,63.07
2021-03-01T00:00:00.0000000,2021 W10,95.96
2021-03-02T00:00:00.0000000,2021 W10,98.37
2021-03-03T00:00:00.0000000,2021 W10,94.4
2021-03-04T00:00:00.0000000,2021 W10,97.06
2021-03-05T00:00:00.0000000,2021 W10,92.07
2021-03-06T00:00:00.0000000,2021 W10,68.77
2021-03-07T00:00:00.0000000,2021 W11,91.99
2021-03-08T00:00:00.0000000,2021 W11,86.84
2021-03-09T00:00:00.0000000,2021 W11,75.39
2021-03-10T00:00:00.0000000,2021 W11,92.37
2021-03-11T00:00:00.0000000,2021 W11,92.96
2021-03-12T00:00:00.0000000,2021 W11,94.3
2021-03-13T00:00:00.0000000,2021 W11,74.04
2021-03-14T00:00:00.0000000,2021 W12,96.59
2021-03-15T00:00:00.0000000,2021 W12,91.68
2021-03-16T00:00:00.0000000,2021 W12,87.9
2021-03-17T00:00:00.0000000,2021 W12,87
2021-03-18T00:00:00.0000000,2021 W12,96.85
2021-03-19T00:00:00.0000000,2021 W12,92.6
2021-03-20T00:00:00.0000000,2021 W12,93.66
2021-03-21T00:00:00.0000000,2021 W13,90.58
2021-03-22T00:00:00.0000000,2021 W13,95.17
2021-03-23T00:00:00.0000000,2021 W13,97.88
2021-03-24T00:00:00.0000000,2021 W13,98.36
2021-03-25T00:00:00.0000000,2021 W13,94.16
2021-03-26T00:00:00.0000000,2021 W13,88.54
2021-03-27T00:00:00.0000000,2021 W13,87.58
2021-03-28T00:00:00.0000000,2021 W14,85.82
2021-03-29T00:00:00.0000000,2021 W14,86.05
2021-03-30T00:00:00.0000000,2021 W14,70.85
2021-03-31T00:00:00.0000000,2021 W14,30.81
2021-04-01T00:00:00.0000000,2021 W14,57.31
2021-04-02T00:00:00.0000000,2021 W14,83.33
2021-04-03T00:00:00.0000000,2021 W14,60.73
2021-04-04T00:00:00.0000000,2021 W15,90.27
2021-04-05T00:00:00.0000000,2021 W15,89.8
2021-04-06T00:00:00.0000000,2021 W15,90.74
2021-04-07T00:00:00.0000000,2021 W15,97.21
2021-04-08T00:00:00.0000000,2021 W15,63.65
2021-04-09T00:00:00.0000000,2021 W15,85.55
2021-04-10T00:00:00.0000000,2021 W15,90.98
2021-04-11T00:00:00.0000000,2021 W16,88.83
2021-04-12T00:00:00.0000000,2021 W16,97.24
2021-04-13T00:00:00.0000000,2021 W16,93.68
2021-04-14T00:00:00.0000000,2021 W16,98.89
2021-04-15T00:00:00.0000000,2021 W16,102.47
2021-04-16T00:00:00.0000000,2021 W16,93.08
2021-04-17T00:00:00.0000000,2021 W16,100.13
2021-04-18T00:00:00.0000000,2021 W17,102.59
2021-04-19T00:00:00.0000000,2021 W17,96.41
2021-04-20T00:00:00.0000000,2021 W17,66.37
2021-04-21T00:00:00.0000000,2021 W17,100.25
2021-04-22T00:00:00.0000000,2021 W17,88.75
2021-04-23T00:00:00.0000000,2021 W17,93.14
2021-04-24T00:00:00.0000000,2021 W17,86.97
2021-04-25T00:00:00.0000000,2021 W18,97.58
2021-04-26T00:00:00.0000000,2021 W18,91.63
2021-04-27T00:00:00.0000000,2021 W18,98.86
2021-04-28T00:00:00.0000000,2021 W18,91.7
2021-04-29T00:00:00.0000000,2021 W18,89.54
2021-04-30T00:00:00.0000000,2021 W18,94.31
2021-05-01T00:00:00.0000000,2021 W18,92.85
2021-05-02T00:00:00.0000000,2021 W19,79.46
2021-05-03T00:00:00.0000000,2021 W19,92.98
2021-05-23T00:00:00.0000000,2021 W22,82.78
2021-05-24T00:00:00.0000000,2021 W22,79.01
2021-05-25T00:00:00.0000000,2021 W22,86.78
2021-05-26T00:00:00.0000000,2021 W22,94.15
2021-05-27T00:00:00.0000000,2021 W22,80.37
2021-05-28T00:00:00.0000000,2021 W22,101.65
2021-05-29T00:00:00.0000000,2021 W22,54.19
2021-05-30T00:00:00.0000000,2021 W23,86.9
2021-05-31T00:00:00.0000000,2021 W23,45.74
2021-06-01T00:00:00.0000000,2021 W23,88.09
2021-06-02T00:00:00.0000000,2021 W23,63.95
2021-06-03T00:00:00.0000000,2021 W23,105.32
2021-06-04T00:00:00.0000000,2021 W23,95.93
2021-06-05T00:00:00.0000000,2021 W23,106.12
2021-06-06T00:00:00.0000000,2021 W24,101.72
2021-06-07T00:00:00.0000000,2021 W24,100.65
2021-06-08T00:00:00.0000000,2021 W24,106.17
2021-06-09T00:00:00.0000000,2021 W24,108.52
2021-06-10T00:00:00.0000000,2021 W24,95.64
2021-06-11T00:00:00.0000000,2021 W24,88.35
2021-06-12T00:00:00.0000000,2021 W24,99.44
2021-06-13T00:00:00.0000000,2021 W25,66.25
2021-06-14T00:00:00.0000000,2021 W25,50.51
2021-06-15T00:00:00.0000000,2021 W25,97.2
2021-06-16T00:00:00.0000000,2021 W25,94.98
2021-06-17T00:00:00.0000000,2021 W25,104.85
2021-06-18T00:00:00.0000000,2021 W25,104.88
2021-06-19T00:00:00.0000000,2021 W25,106.68
2021-06-20T00:00:00.0000000,2021 W26,103.91
2021-06-21T00:00:00.0000000,2021 W26,96.26
2021-06-22T00:00:00.0000000,2021 W26,101.74
2021-06-23T00:00:00.0000000,2021 W26,104.46
2021-06-24T00:00:00.0000000,2021 W26,97.69
2021-06-25T00:00:00.0000000,2021 W26,95.34
2021-06-26T00:00:00.0000000,2021 W26,106.71
2021-06-27T00:00:00.0000000,2021 W27,100.12
2021-06-28T00:00:00.0000000,2021 W27,85.55
2021-06-29T00:00:00.0000000,2021 W27,100.09
2021-06-30T00:00:00.0000000,2021 W27,106.6
2021-07-01T00:00:00.0000000,2021 W27,100.85
2021-07-02T00:00:00.0000000,2021 W27,107.53
2021-07-03T00:00:00.0000000,2021 W27,55.54
2021-07-04T00:00:00.0000000,2021 W28,105.33
2021-07-05T00:00:00.0000000,2021 W28,101.77
2021-07-06T00:00:00.0000000,2021 W28,104.18
2021-07-07T00:00:00.0000000,2021 W28,86.35
2021-07-08T00:00:00.0000000,2021 W28,69.96
2021-07-09T00:00:00.0000000,2021 W28,103.66
2021-07-10T00:00:00.0000000,2021 W28,98.65
2021-07-11T00:00:00.0000000,2021 W29,105.36
2021-07-12T00:00:00.0000000,2021 W29,100.31
2021-07-15T00:00:00.0000000,2021 W29,86.38
2021-07-16T00:00:00.0000000,2021 W29,90.65
2021-07-17T00:00:00.0000000,2021 W29,91.65
2021-07-18T00:00:00.0000000,2021 W30,87.19
2021-07-20T00:00:00.0000000,2021 W30,92.93
2021-07-21T00:00:00.0000000,2021 W30,60.15
2021-07-22T00:00:00.0000000,2021 W30,90.21
2021-07-23T00:00:00.0000000,2021 W30,110.39
2021-07-24T00:00:00.0000000,2021 W30,105.38
2021-07-25T00:00:00.0000000,2021 W31,102.16
2021-07-26T00:00:00.0000000,2021 W31,99.56
2021-07-27T00:00:00.0000000,2021 W31,107.34
2021-07-28T00:00:00.0000000,2021 W31,110.37
2021-07-29T00:00:00.0000000,2021 W31,105.56
2021-07-30T00:00:00.0000000,2021 W31,95.65
